trackId,InitialFrame,TotalFrame,Distance,minVel                  ,maxVel,meanVel,VehicleClass,LaneChangeNum,RampVehicle
2,5,262,129.78,11.47,13.81,12.43,car,0,False
15,89,253,161.47,15.06,16.94,16.02,car,0,False
37,113,240,124.77,9.88,15.50,13.05,car,0,False
132,528,274,166.93,11.91,17.19,15.28,car,1,True
152,648,184,138.11,17.53,19.75,18.86,car,0,False
166,730,199,165.99,20.06,22.12,20.96,car,0,False
170,740,260,168.75,13.53,18.72,16.28,car,1,True
175,799,212,165.17,18.91,22.25,19.58,car,0,False
182,880,183,127.43,14.75,19.94,17.50,car,0,False
210,934,215,154.98,14.81,19.97,18.09,car,1,True
213,1017,200,159.53,19.19,21.34,20.04,car,0,False
216,983,222,164.56,17.69,20.06,18.62,car,0,False
220,952,133,109.76,19.94,21.44,20.79,car,0,False
233,992,188,145.52,18.28,21.00,19.46,car,0,False
253,1108,219,158.39,16.25,20.50,18.16,car,0,False
261,1083,165,134.02,18.75,21.88,20.44,car,0,False
264,1091,195,148.95,14.78,20.50,19.18,car,0,False
280,1162,175,139.42,19.16,22.47,20.04,car,0,False
287,1206,161,127.89,18.62,20.81,19.98,car,0,False
306,1362,203,161.94,18.75,20.50,20.04,car,0,False
319,1292,179,136.16,17.75,20.56,19.13,car,0,False
327,1306,111,90.05,18.91,21.34,20.46,car,0,False
339,1381,206,168.66,18.19,22.19,20.56,car,0,False
446,1837,278,154.26,10.69,15.62,13.93,car,1,True
447,1863,214,163.19,17.56,20.09,19.15,car,0,False
461,1804,153,134.50,20.94,22.94,22.12,car,0,False
484,1835,183,144.77,18.75,20.94,19.89,car,0,False
493,1882,187,159.25,19.16,23.31,21.41,car,0,False
527,1924,197,173.73,19.88,23.81,22.16,car,0,False
537,1940,199,167.54,18.22,23.44,21.15,car,0,False
549,1996,180,145.83,17.75,21.56,20.36,car,0,False
552,2005,209,179.95,18.12,23.34,21.61,car,0,False
570,2041,181,154.33,20.25,22.50,21.44,car,0,False
677,2266,180,157.72,21.50,22.81,22.03,car,0,False
700,2410,185,156.04,20.47,22.69,21.20,car,0,False
701,2404,258,167.89,13.06,18.19,16.33,car,1,True
705,2585,226,175.25,17.94,21.06,19.47,car,0,False
732,2673,254,165.54,14.12,17.75,16.36,car,1,True
766,2753,211,159.22,18.12,20.59,18.96,car,0,False
774,2759,203,179.75,20.06,23.88,22.24,car,0,False
802,2880,177,157.81,21.16,23.44,22.42,car,0,False
803,2884,175,164.56,20.88,24.84,23.64,car,0,False
808,2935,291,220.62,16.12,20.72,19.02,car,0,False
809,2900,230,162.44,14.53,19.97,17.73,car,1,True
890,3090,153,118.08,16.94,21.69,19.44,car,0,False
901,3125,152,126.61,18.31,22.94,20.96,bus,0,False
905,3117,156,100.55,15.25,17.13,16.22,bus,0,False
913,3259,193,159.58,19.37,22.03,20.77,car,0,False
982,3347,204,164.82,18.88,22.12,20.30,car,0,False
1010,3475,236,164.06,14.44,19.37,17.44,car,0,False
1030,3527,174,144.13,20.19,21.84,20.83,car,0,False
1037,3592,243,166.69,14.06,19.00,17.21,car,0,False
1052,3626,208,162.58,17.69,25.09,19.65,car,0,False
1066,3672,240,164.74,15.44,18.69,17.23,car,0,False
1092,3719,276,172.30,6.63,20.63,15.65,car,1,True
1111,3773,153,124.34,19.31,23.97,20.46,bus,0,False
1115,3822,204,172.17,19.81,23.09,21.21,car,0,False
1160,3906,141,119.38,20.00,22.37,21.32,car,0,False
1250,4046,187,144.58,18.50,20.09,19.44,car,0,False
1264,4065,108,86.73,19.19,21.06,20.27,car,0,False
1283,4106,382,176.60,7.53,15.25,11.58,car,1,True
1289,4157,150,122.74,19.87,21.19,20.59,car,0,False
1320,4191,158,126.30,19.19,21.00,20.12,car,0,False
1353,4248,140,116.23,19.75,22.44,20.91,car,0,False
1356,4286,155,133.82,20.25,22.94,21.72,car,0,False
1381,4337,208,164.93,18.81,21.56,19.93,car,0,False
1392,4404,223,191.92,17.94,23.50,21.60,car,0,False
1399,4373,104,88.57,20.78,22.69,21.51,car,0,False
1409,4393,303,178.65,12.66,16.69,14.78,car,1,True
1413,4395,184,150.97,19.75,21.44,20.62,car,0,False
1414,4466,140,120.77,20.59,22.81,21.72,car,0,False
1478,4634,180,160.22,21.06,24.66,22.38,car,0,False
1537,4642,245,218.80,18.91,23.87,22.42,car,0,False
1594,4790,163,155.85,22.00,25.34,24.05,car,0,False
1653,4856,171,134.12,18.50,20.72,19.73,car,0,False
1684,4891,214,168.30,18.62,20.81,19.75,car,0,False
1721,4966,210,166.48,17.66,25.41,19.93,car,0,False
1726,4972,218,157.22,14.31,20.12,18.11,car,1,True
1734,4990,154,125.90,17.56,25.53,20.58,car,0,False
1745,5008,240,172.16,15.03,19.53,18.00,car,0,False
1751,5016,97,79.80,19.94,21.38,20.78,car,0,False
1779,5078,121,98.71,19.06,24.19,20.58,car,0,False
1795,5122,158,121.77,18.22,25.00,19.41,car,0,False
1802,5143,189,142.38,16.34,19.97,18.93,car,0,False
1805,5178,248,164.34,14.25,19.44,16.63,car,0,False
1818,5187,200,153.09,17.00,20.22,19.23,car,0,False
1835,5242,221,162.19,16.25,21.06,18.44,car,0,False
1857,5252,172,131.98,17.53,23.47,19.31,car,0,False
1879,5334,220,168.40,17.75,20.12,19.22,car,0,False
1897,5431,153,121.43,17.25,21.16,19.97,car,0,False
1900,5392,218,178.31,18.34,22.22,20.54,car,0,False
1913,5415,131,121.21,17.00,30.22,23.31,car,0,False
1929,5463,139,127.66,19.19,25.75,23.12,car,0,False
1943,5514,129,104.28,19.28,21.34,20.36,car,0,False
1944,5526,177,149.25,19.62,22.50,21.20,car,0,False
1946,5610,171,151.87,21.06,23.50,22.33,car,0,False
1947,5600,186,160.50,20.37,22.69,21.69,car,0,False
1961,5678,135,129.57,20.75,29.78,24.18,car,0,False
1974,5767,203,162.34,17.84,21.19,20.09,car,0,False
2001,5933,155,127.24,19.63,22.19,20.66,car,0,False
2004,5929,195,157.75,17.94,21.31,20.33,car,0,False
2023,6001,190,181.22,22.19,28.22,23.98,car,0,False
2047,6062,355,154.75,9.00,14.16,10.93,car,1,True
2055,6075,158,148.08,22.56,24.59,23.58,car,0,False
2062,6107,189,172.21,22.00,23.75,22.90,car,0,False
2080,6119,241,155.13,13.62,17.87,16.15,truck,0,False
2094,6153,178,158.70,19.44,23.94,22.41,car,0,False
2096,6346,196,125.43,13.75,19.25,16.08,car,0,False
2106,6210,207,165.98,15.50,22.44,20.16,car,0,False
2111,6219,281,153.08,9.06,15.19,13.66,car,1,True
2137,6420,159,144.23,20.88,23.75,22.82,car,0,False
2149,6461,190,161.22,19.38,23.12,21.33,car,0,False
2209,6797,227,165.57,16.53,19.62,18.32,car,0,False
2299,7026,169,164.70,23.50,26.56,24.52,car,0,False
2355,7189,177,154.68,20.94,22.81,21.97,car,0,False
2369,7224,186,165.10,20.84,23.44,22.31,car,0,False
2381,7397,178,158.94,21.56,23.56,22.45,car,0,False
2398,7486,189,155.81,19.75,22.13,20.72,car,0,False
2415,7438,177,160.78,20.81,23.56,22.83,car,0,False
2441,7494,168,151.38,21.06,25.84,22.67,car,0,False
2442,7562,238,205.30,20.31,25.16,21.66,car,0,False
2451,7543,156,139.69,20.91,23.50,22.53,car,0,False
2452,7603,193,160.03,19.31,21.69,20.84,car,0,False
2477,7737,140,119.85,19.56,23.75,21.56,car,0,False
2479,7695,140,124.94,21.06,26.09,22.48,car,0,False
2481,7755,119,107.74,21.19,26.44,22.83,car,0,False
2484,7689,154,128.91,19.75,21.97,21.06,car,0,False
2496,7794,174,149.29,19.37,22.47,21.57,car,0,False
2504,7768,136,110.87,19.56,21.09,20.53,car,0,False
2534,7859,111,90.26,19.87,21.00,20.51,car,0,False
2537,7895,216,178.17,18.25,22.44,20.72,car,0,False
2553,7946,250,209.61,18.22,25.38,21.05,car,0,False
2586,8093,110,79.75,16.09,19.44,18.28,car,1,True
2622,8187,123,88.32,16.94,19.41,18.11,bus,0,False
2637,8212,101,99.70,24.37,26.44,24.93,car,0,False
2656,8294,278,175.90,5.25,19.31,15.85,car,1,True
2663,8440,203,166.93,18.81,21.94,20.66,car,0,False
2725,8559,227,158.54,13.69,19.19,17.53,car,0,False
2727,8507,180,164.99,21.53,24.47,23.04,car,0,False
2742,8653,214,174.26,17.44,21.72,20.45,car,0,False
2753,8622,204,178.54,18.03,23.31,21.98,car,0,False
2765,8693,154,147.02,21.50,25.19,24.02,car,0,False
2770,8747,152,132.95,20.50,23.81,22.01,car,0,False
2785,8898,182,156.28,20.12,23.00,21.58,car,0,False
2790,8801,198,193.41,23.78,26.00,24.55,car,0,False
2811,8874,183,174.61,21.88,24.69,23.98,car,0,False
2825,8952,171,147.66,19.75,22.38,21.71,car,0,False
2829,8978,175,166.60,22.50,25.12,23.93,car,0,False
2854,9148,160,157.46,23.50,25.84,24.76,car,0,False
2863,9351,204,158.71,18.34,21.06,19.55,car,0,False
2864,9222,303,172.34,10.31,17.75,14.27,car,1,True
2882,9388,215,123.92,9.66,17.66,14.47,car,0,False
2892,9460,237,169.86,15.69,19.59,17.99,car,1,True
2894,9536,223,170.60,18.31,20.25,19.21,car,0,False
2920,9614,205,158.66,18.25,20.50,19.44,car,0,False
2944,9704,285,176.64,10.03,19.25,15.54,car,1,True
2964,9768,184,152.89,18.37,22.06,20.88,car,0,False
2990,9885,132,108.13,17.25,22.78,20.63,truck,0,False
2992,9891,165,97.63,12.09,18.34,14.89,bus,0,False
3004,9984,198,126.72,12.91,17.56,16.07,truck,0,False
3013,10017,106,84.65,18.91,21.37,20.16,car,0,False
3028,10060,274,169.52,13.09,17.62,15.52,car,1,True
3037,10094,184,129.62,15.88,19.09,17.70,car,0,False
3038,10123,171,148.89,20.50,23.84,21.90,car,0,False
3040,10144,260,209.72,16.31,21.81,20.24,car,0,False
3046,10125,141,109.54,18.62,20.13,19.56,car,0,False
3061,10172,157,138.86,21.31,24.78,22.26,car,0,False
3065,10322,180,148.82,19.41,21.84,20.78,car,0,False
3070,10284,167,141.94,20.31,23.47,21.38,car,0,False
3091,10367,191,150.20,18.37,21.03,19.77,car,0,False
3092,10428,196,152.71,18.13,20.31,19.58,car,0,False
3096,10422,163,154.94,21.94,24.81,23.90,car,0,False
3104,10409,287,174.44,9.56,17.87,15.24,car,1,True
3130,10567,265,165.28,12.25,18.38,15.64,car,1,True
3135,10574,188,132.07,15.13,20.38,17.65,truck,0,False
3138,10589,164,128.50,17.91,21.31,19.71,car,0,False
3155,10689,225,158.87,15.59,18.50,17.73,car,0,False
3161,10707,185,159.74,19.84,22.94,21.70,car,0,False
3174,10700,134,105.62,18.25,22.72,19.86,car,1,False
3201,10780,144,124.12,20.56,22.75,21.70,car,0,False
3241,10846,179,135.35,17.56,20.19,19.01,car,0,False
3304,11054,173,148.24,19.87,24.56,21.55,car,0,False
3315,11079,184,166.74,19.47,23.94,22.77,car,0,False
3325,11100,150,117.29,19.25,20.69,19.68,car,0,False
3345,11157,228,177.02,14.38,21.31,19.48,car,0,False
3346,11159,203,159.05,19.06,21.53,19.69,car,0,False
3364,11279,139,119.47,18.88,25.78,21.65,car,0,False
3394,11310,117,90.91,19.00,20.72,19.60,truck,0,False
3400,11327,118,99.26,20.09,23.00,21.22,car,0,False
3404,11332,183,153.35,19.81,22.12,21.07,car,0,False
3417,11426,184,153.45,19.63,22.25,20.97,car,0,False
3478,11621,202,161.73,17.81,21.13,20.11,car,0,False
3500,11733,171,158.75,21.44,24.69,23.34,car,0,False
3528,11730,242,174.89,14.47,19.72,18.14,car,0,False
3556,11861,176,154.09,19.94,23.13,22.01,car,0,False
3557,11825,228,170.37,17.69,22.25,18.77,car,0,False
3567,11951,209,170.53,19.50,22.50,20.50,car,0,False
3577,12018,167,175.81,22.34,28.25,26.47,car,0,False
3578,12018,225,176.72,16.03,20.88,19.72,car,0,False
3582,12061,313,169.05,10.50,15.50,13.54,car,1,True
3594,12113,205,176.92,19.81,23.25,21.69,car,0,False
3607,12198,206,129.56,12.38,16.69,15.79,car,0,False
3611,12186,216,154.71,13.31,19.25,17.98,car,0,False
3620,12225,209,153.13,17.81,19.34,18.40,car,0,False
3627,12241,306,162.84,8.62,15.37,13.34,car,1,True
3634,12274,220,114.82,10.06,16.12,13.11,car,0,False
3648,12280,273,171.46,14.41,17.47,15.76,car,0,False
3657,12354,234,166.91,15.75,20.94,17.91,car,1,False
3671,12375,252,148.26,11.91,16.50,14.76,car,3,True
3674,12394,178,109.27,14.25,17.22,15.44,car,0,False
3699,12459,197,129.26,14.31,18.25,16.48,car,0,False
3718,12541,233,157.47,15.12,18.22,16.97,car,0,False
3722,12517,195,141.87,16.41,19.34,18.28,car,0,False
3744,12677,179,160.61,19.31,24.19,22.55,car,0,False
3748,12683,152,158.85,24.53,27.38,26.29,car,0,False
3772,12809,191,175.37,21.75,26.31,23.08,car,0,False
3780,12902,157,154.39,23.56,26.50,24.75,car,0,False
3803,13113,209,164.02,18.84,20.50,19.71,car,0,False
3804,13174,161,154.46,22.53,25.41,24.13,car,0,False
3839,13376,175,163.06,22.41,24.47,23.43,car,0,False
3862,13434,190,169.76,21.81,25.91,22.47,car,0,False
3886,13610,180,148.58,19.25,21.75,20.75,car,0,False
3905,13662,189,147.82,15.87,21.25,19.65,car,0,False
3916,13698,100,95.80,21.50,27.19,24.19,car,1,False
3929,13784,151,128.78,20.00,22.69,21.46,car,0,False
3940,13820,168,133.22,18.69,20.50,19.94,car,0,False
3945,13849,250,144.22,11.62,15.91,14.48,car,0,False
3953,13930,212,165.40,18.56,20.59,19.60,car,0,False
3955,13955,200,156.61,15.94,21.13,19.67,car,0,False
3990,14030,187,154.49,19.41,22.25,20.77,truck,0,False
4011,14137,156,104.37,16.00,18.09,16.84,bus,0,False
4021,14252,168,121.46,17.03,19.44,18.19,car,0,False
4022,14220,159,112.22,17.25,19.00,17.76,car,0,False
4031,14222,124,117.12,22.56,25.62,23.81,car,0,False
4040,14274,207,156.43,16.69,20.06,18.98,car,0,False
4045,14255,271,180.19,15.25,20.53,16.69,car,0,False
4087,14489,157,115.78,18.00,19.31,18.56,car,0,False
4095,14527,136,95.33,17.06,18.97,17.66,bus,0,False
4096,14532,209,154.53,15.84,23.47,18.58,car,1,True
4115,14610,203,139.37,16.44,18.28,17.25,car,0,False
4116,14613,153,102.40,15.47,18.09,16.84,car,0,False
4129,14631,238,160.52,13.50,19.44,16.93,car,1,True
4147,14700,261,171.68,15.62,18.37,16.51,car,0,False
4158,14783,152,106.73,16.38,19.50,17.67,car,0,False
4163,14841,223,151.24,14.00,18.94,17.02,car,0,False
4164,14789,184,139.83,15.97,23.66,19.10,car,0,False
4171,14823,278,168.11,11.91,18.97,15.16,car,1,True
4174,14853,206,143.70,15.69,19.00,17.52,car,0,False
4178,14863,159,108.44,12.69,21.44,17.16,truck,0,False
4179,15043,220,152.30,16.41,18.34,17.38,car,0,False
4210,14932,261,174.34,13.34,18.13,16.76,car,0,False
4219,14962,276,180.29,14.47,20.34,16.40,car,0,False
4252,15095,131,100.50,12.44,27.84,19.33,car,0,False
4254,15165,213,145.93,14.53,18.97,17.20,car,0,False
4279,15111,181,118.11,13.03,17.87,16.40,car,0,False
4281,15114,163,111.68,15.56,20.16,17.25,car,0,False
4292,15153,199,134.46,16.25,18.19,16.98,car,0,False
4298,15234,221,171.71,18.12,21.53,19.51,car,0,False
4303,15215,312,177.44,8.56,17.06,14.25,car,1,True
4319,15310,190,173.65,20.66,24.12,22.97,car,0,False
4324,15356,191,120.44,14.56,16.84,15.85,car,0,False
4351,15387,172,152.07,19.88,23.81,22.22,car,0,False
4396,15525,193,172.57,21.25,25.56,22.48,car,0,False
4421,15628,174,156.48,21.06,23.50,22.61,car,0,False
4450,15697,272,219.66,18.66,21.56,20.27,car,0,False
4459,15836,156,150.01,23.16,25.06,24.20,car,0,False
4491,15844,215,151.58,16.53,22.16,17.72,car,0,False
4512,15884,167,150.00,20.19,24.09,22.58,car,0,False
4513,15885,203,151.73,16.12,20.31,18.78,car,0,False
4555,16200,185,159.88,18.63,23.88,21.72,car,0,False
4574,16240,168,159.22,23.19,24.88,23.84,car,0,False
4588,16268,200,168.76,18.69,23.19,21.20,car,1,True
4608,16370,163,155.60,22.75,25.69,24.01,car,0,False
4627,16434,169,156.08,22.41,24.87,23.23,car,0,False
4683,16578,161,146.59,21.00,24.69,22.90,car,0,False
4684,16560,157,133.48,20.78,22.44,21.39,car,0,False
4722,16729,162,156.93,22.75,25.38,24.36,car,0,False
4726,16633,156,139.53,21.03,24.44,22.51,car,0,False
4743,16666,180,164.46,21.56,24.84,22.97,car,0,False
4753,16758,160,156.45,23.56,25.63,24.60,car,0,False
4792,16922,194,161.66,20.16,21.75,20.94,car,0,False
4796,16936,174,161.96,21.44,24.75,23.40,car,0,False
4815,17009,178,155.57,20.12,22.75,21.97,car,0,False
4860,17158,174,153.34,21.44,24.00,22.16,car,0,False
4862,17203,134,101.19,17.87,22.00,19.03,bus,0,False
4891,17286,138,121.99,21.12,23.31,22.26,car,0,False
4903,17293,191,137.08,14.37,19.19,18.03,car,0,False
4911,17373,218,167.27,17.62,23.06,19.28,car,0,False
4944,17406,183,157.35,20.66,23.87,21.62,car,0,False
4953,17423,203,174.03,19.72,24.50,21.54,car,0,False
4971,17565,171,146.92,20.56,22.31,21.60,car,0,False
4988,17544,252,160.52,12.69,18.19,15.98,car,3,True
5004,17642,202,172.38,20.50,23.00,21.44,car,0,False
5036,17751,194,168.71,19.97,25.75,21.87,car,0,False
5071,18001,175,166.74,22.38,25.25,23.96,car,0,False
5083,18067,177,154.77,21.12,22.75,21.99,car,0,False
5137,18253,195,167.63,20.75,22.87,21.61,car,0,False
5150,18341,203,160.16,18.72,20.59,19.82,car,0,False
5152,18346,148,128.10,19.56,23.94,21.78,car,0,False
5210,18719,180,156.57,20.34,23.31,21.87,car,0,False
5282,19115,184,176.01,22.19,25.00,24.04,car,0,False
5291,19145,262,167.90,12.25,17.38,16.08,car,0,False
5304,19196,144,129.59,21.81,23.59,22.66,car,0,False
5320,19273,179,167.39,21.56,25.44,23.51,car,0,False
5344,19334,160,145.75,20.34,23.88,22.91,car,0,False
5345,19369,185,156.39,19.22,22.94,21.25,car,0,False
5355,19376,144,81.09,10.91,15.38,14.17,car,0,False
5358,19384,235,127.53,11.16,15.34,13.62,car,1,True
5371,19431,156,131.85,18.50,22.50,21.27,car,0,False
5415,19571,217,165.13,15.00,20.94,19.10,car,0,False
5420,19604,187,152.05,19.25,21.50,20.44,car,0,False
5448,19739,178,132.32,17.25,20.50,18.69,truck,0,False
5452,19743,114,91.14,18.63,21.78,20.16,truck,0,False
5465,19864,144,117.50,18.94,21.75,20.54,car,0,False
5467,19869,201,155.30,17.00,20.59,19.41,car,0,False
5473,19867,221,167.99,14.62,21.00,19.09,car,0,False
5477,19885,170,141.64,20.06,22.09,20.96,car,0,False
5481,19943,184,137.11,17.44,19.25,18.73,car,0,False
5486,19969,142,112.50,17.31,20.97,19.94,car,0,False
5499,20049,252,168.95,14.44,19.37,16.82,car,0,False
5502,20022,183,159.60,20.50,22.94,21.92,car,0,False
5503,20069,280,188.96,15.19,19.13,16.93,car,0,False
5518,20149,219,158.20,16.94,19.34,18.14,car,0,False
5528,20179,224,148.35,13.84,17.94,16.63,car,0,False
5532,20227,212,142.06,15.50,18.06,16.83,car,0,False
5533,20225,222,162.17,17.06,19.25,18.34,car,0,False
5541,20266,208,145.21,15.03,19.22,17.53,car,0,False
5551,20349,152,101.10,15.28,18.09,16.74,car,0,False
5562,20355,121,91.50,17.53,20.09,19.06,car,0,False
5570,20367,145,108.24,15.66,22.06,18.79,car,0,False
5581,20415,194,153.58,15.69,21.13,19.88,car,0,False
5583,20421,137,98.44,17.28,18.94,18.09,car,0,False
5590,20485,178,156.08,20.56,23.31,22.04,car,0,False
5593,20450,150,114.21,18.03,20.22,19.16,car,0,False
5596,20464,172,140.31,19.50,21.38,20.51,car,0,False
5615,20601,166,164.15,22.69,26.66,24.86,car,0,False
5618,20607,198,168.87,20.28,22.44,21.43,car,0,False
5620,20607,277,161.44,12.16,18.16,14.63,car,1,True
5638,20743,169,126.42,16.78,23.22,18.82,car,0,False
5649,20727,179,169.89,22.81,24.69,23.86,car,0,False
5655,20769,162,158.63,22.37,26.69,24.62,car,1,False
5675,20863,194,170.29,20.94,24.78,22.07,car,0,False
5678,20920,302,169.35,10.31,16.31,14.06,car,1,True
5734,21151,169,95.77,10.34,15.22,14.24,car,0,False
5760,21554,201,143.74,16.81,20.09,17.97,car,0,False
5764,21554,194,159.37,19.53,21.50,20.64,car,0,False
5784,21611,164,140.74,18.28,23.81,21.57,car,1,False
5793,21648,157,131.18,19.81,25.06,21.04,car,0,False
5800,21695,151,120.54,18.91,21.12,20.09,car,0,False
5837,21762,244,153.60,12.25,18.00,15.79,car,1,True
5854,21781,134,69.34,11.28,14.19,13.03,car,1,False
5856,21786,242,130.26,10.34,15.94,13.51,car,0,False
5884,21859,201,120.90,12.44,17.06,15.11,car,0,False
5890,21864,229,139.82,12.50,16.94,15.33,car,0,False
5905,21860,126,70.67,13.47,14.88,14.13,car,0,False
5925,21897,220,134.08,12.87,16.62,15.30,car,0,False
5933,21917,112,74.90,16.12,17.44,16.87,car,0,False
5943,21951,252,150.52,14.03,16.75,14.99,car,0,False
5946,21992,155,97.12,14.34,17.25,15.77,car,0,False
5959,22009,201,126.54,14.81,17.06,15.82,car,0,False
5964,22090,153,94.89,15.06,16.16,15.61,car,0,False
5969,22056,265,165.64,11.47,17.34,15.68,car,0,False
6002,22134,209,127.74,13.63,20.25,15.36,car,0,False
6004,22151,118,75.66,15.41,16.69,16.17,car,0,False
6012,22144,131,78.91,11.69,17.44,15.17,car,0,False
6014,22150,149,92.14,14.19,19.59,15.58,car,0,False
6022,22192,211,125.15,13.75,16.34,14.90,car,0,False
6033,22177,261,151.41,11.75,15.94,14.56,car,0,False
6037,22210,158,104.35,13.56,22.37,16.62,car,0,False
6055,22246,171,125.18,16.44,19.63,18.41,truck,0,False
6072,22308,236,173.50,16.97,19.94,18.45,car,0,False
6081,22346,180,116.05,13.12,17.09,16.20,car,0,False
6086,22356,218,148.38,15.75,19.19,17.09,car,0,False
6089,22419,178,123.85,15.91,19.47,17.50,car,0,False
6109,22591,207,179.79,20.00,23.19,21.81,car,0,False
6120,22505,225,185.49,17.75,22.94,20.70,car,0,False
6129,22601,202,161.46,18.13,21.94,20.08,car,0,False
6155,22647,203,164.81,18.34,22.63,20.39,car,0,False
6163,22668,166,144.06,18.88,22.97,21.82,car,0,False
6179,22696,190,164.98,18.03,23.44,21.81,car,0,False
6184,22718,144,130.94,22.12,24.00,22.90,car,0,False
6187,22725,193,165.96,19.72,22.84,21.61,car,0,False
6206,22775,199,162.83,18.41,21.19,20.55,car,0,False
6215,22821,230,190.53,19.91,21.50,20.80,car,0,False
6221,22838,201,187.73,18.69,25.50,23.46,car,0,False
6226,22895,201,155.07,16.62,22.37,19.38,car,1,True
6254,22942,130,111.42,20.56,22.41,21.59,car,0,False
6279,23001,184,172.36,22.75,26.88,23.56,car,0,False
6285,23015,104,93.64,21.41,23.44,22.72,car,0,False
6290,23044,181,164.17,20.25,24.34,22.81,car,0,False
6304,23090,184,167.69,21.81,26.50,22.92,car,0,False
6342,23243,130,91.16,16.62,20.56,17.68,truck,0,False
6397,23326,178,138.23,18.31,20.59,19.52,car,0,False
6425,23447,222,162.48,15.94,19.50,18.38,car,0,False
6429,23467,158,116.00,17.38,19.56,18.47,car,0,False
6437,23468,108,84.50,17.91,24.81,19.76,car,0,False
6442,23487,164,126.50,18.16,21.09,19.41,car,0,False
6444,23517,205,154.67,17.06,21.44,18.95,car,0,False
6466,23595,176,133.97,17.09,22.28,19.15,truck,0,False
6508,23705,208,147.24,15.75,19.94,17.77,car,0,False
6515,23716,155,128.23,19.44,21.94,20.82,car,0,False
6523,23848,200,160.32,18.13,21.50,20.14,car,0,False
6526,23791,170,130.39,18.06,20.09,19.29,car,0,False
6556,24028,219,163.08,17.62,19.72,18.70,car,0,False
6589,24150,151,109.77,17.06,20.25,18.30,car,0,False
6612,24154,238,172.77,16.75,19.94,18.22,car,0,False
6619,24201,205,154.06,17.00,19.94,18.87,car,0,False
6623,24183,146,107.88,17.56,20.03,18.60,car,0,False
6630,24205,120,92.20,17.81,20.19,19.37,car,0,False
6651,24344,157,147.12,21.44,25.16,23.57,car,0,False
6666,24355,218,178.50,18.84,27.81,20.58,car,0,False
6669,24416,282,176.95,13.69,17.91,15.74,car,0,False
6683,24395,110,85.48,18.69,20.44,19.60,car,0,False
6684,24397,242,135.81,12.62,18.91,14.10,car,0,False
6704,24456,139,109.91,18.81,20.44,19.91,car,0,False
6707,24480,232,166.00,17.03,19.75,17.97,car,0,False
6723,24531,243,163.43,13.12,20.19,16.87,car,0,False
6731,24571,160,103.45,14.44,17.94,16.26,car,0,False
6741,24610,174,124.82,17.16,19.06,18.03,car,0,False
6747,24580,167,114.68,15.31,18.28,17.26,car,0,False
6751,24615,344,168.26,7.56,14.56,12.26,car,1,True
6759,24620,128,82.71,15.00,19.84,16.30,car,0,False
6760,24737,119,85.94,17.00,19.44,18.20,car,0,False
6827,24789,220,165.93,16.69,24.09,18.96,car,0,False
6829,24793,188,113.12,11.22,18.19,15.12,car,0,False
6846,24826,108,77.42,17.31,18.56,18.09,truck,0,False
6857,24909,210,160.42,15.00,20.25,19.18,car,0,False
6878,24913,182,109.38,14.31,16.25,15.11,car,0,False
6884,24947,270,174.88,9.69,20.19,16.24,car,1,True
6885,24950,191,122.22,15.50,16.50,16.08,car,0,False
6895,25021,198,143.64,14.25,19.88,18.21,bus,0,False
6914,25147,120,86.12,17.28,18.94,18.09,bus,0,False
6917,25151,190,120.58,14.03,17.16,15.94,truck,0,False
6924,25237,155,133.55,20.06,23.09,21.69,car,0,False
6942,25343,248,163.96,11.88,19.44,16.59,car,0,False
6970,25399,175,142.77,18.53,21.75,20.51,bus,0,False
6977,25587,180,133.46,14.88,21.13,18.63,car,0,False
6986,25447,188,169.53,19.81,26.38,22.68,car,0,False
6995,25525,193,171.73,20.91,27.19,22.37,car,0,False
7028,25672,175,83.81,9.66,13.72,12.03,bus,1,True
7030,25759,217,164.39,17.50,19.94,19.03,car,0,False
7034,25745,188,158.11,16.06,22.94,21.13,car,0,False
7084,25911,170,154.53,21.53,25.00,22.86,car,0,False
7108,25943,196,167.47,20.41,23.37,21.48,car,0,False
7114,25962,173,147.60,20.53,23.03,21.46,car,0,False
7123,26017,199,153.41,17.94,20.66,19.37,car,0,False
7138,26071,177,155.53,20.06,23.00,22.09,car,0,False
7152,26159,172,153.64,21.75,24.00,22.47,car,0,False
7208,26356,161,115.97,17.19,19.00,18.12,car,0,False
7228,26424,151,115.16,18.19,20.41,19.20,car,0,False
7257,26506,175,145.80,19.94,22.38,20.95,car,0,False
7258,26505,140,117.36,20.31,23.50,21.11,car,0,False
7262,26509,211,159.14,14.94,21.12,18.94,car,1,True
7263,26496,124,100.86,18.56,23.19,20.50,car,0,False
7266,26500,130,96.32,17.19,19.25,18.66,car,0,False
7285,26533,211,172.56,19.25,21.94,20.54,car,0,False
7309,26609,188,148.93,18.94,20.88,19.91,car,0,False
7316,26790,219,166.90,17.81,20.88,19.14,car,0,False
7318,26683,259,174.22,14.75,18.63,16.88,car,1,True
7343,26810,184,157.21,20.31,22.56,21.47,car,0,False
7352,26817,248,164.34,13.00,19.22,16.63,car,1,True
7376,26928,137,114.11,19.69,21.94,20.98,car,0,False
7379,26904,129,104.46,18.69,21.69,20.41,car,0,False
7391,26956,162,133.74,18.44,22.00,20.76,car,0,False
7402,27019,143,119.39,19.25,21.94,21.02,car,0,False
7424,27241,139,109.44,18.75,21.25,19.83,car,0,False
7431,27149,115,105.11,21.91,24.00,23.05,car,0,False
7451,27209,156,137.32,19.97,23.19,22.14,car,0,False
7458,27216,99,93.55,23.06,24.56,23.87,car,0,False
7468,27252,237,202.84,18.19,23.81,21.49,car,0,False
7518,27433,181,169.31,22.00,27.28,23.52,car,0,False
7566,27495,188,149.63,18.75,20.88,20.01,car,0,False
7579,27536,195,170.55,20.44,24.44,21.98,car,0,False
7608,27672,228,208.87,20.66,25.81,23.01,car,0,False
7611,27623,133,118.57,21.38,22.97,22.46,car,0,False
7649,27764,224,165.74,16.44,20.31,18.58,car,0,False
7656,27788,192,174.92,20.56,25.38,22.90,car,0,False
7674,27886,277,164.80,12.75,16.31,14.92,car,1,True
7683,27860,204,169.31,18.44,21.81,20.85,car,0,False
7711,27938,168,139.50,19.25,21.62,20.88,car,0,False
7732,27969,237,163.61,13.19,19.31,17.32,car,1,True
7748,28096,253,174.32,14.06,18.94,17.29,car,0,False
7765,28116,190,158.85,19.91,23.44,21.02,car,0,False
7777,28190,133,122.48,21.62,24.53,23.20,car,0,False
7778,28126,133,101.56,18.50,20.22,19.24,car,0,False
7780,28132,110,75.28,13.94,20.00,17.26,car,0,False
7798,28223,144,117.78,19.50,22.34,20.60,car,0,False
7804,28245,236,174.30,17.56,19.63,18.54,car,0,False
7812,28377,194,160.25,20.00,21.44,20.76,car,0,False
7848,28434,177,154.83,20.16,23.81,21.99,car,0,False
7878,28642,164,106.30,14.50,17.62,16.30,car,1,True
7885,28607,241,160.72,15.88,17.97,16.74,car,0,False
7917,28717,193,166.53,20.78,22.47,21.68,car,0,False
7931,28767,196,170.35,20.50,24.19,21.85,car,0,False
7947,28880,171,128.65,17.25,19.56,18.91,bus,0,False
7966,28899,160,139.13,20.97,23.16,21.88,car,0,False
7983,29011,154,125.20,18.94,21.44,20.46,car,0,False
8006,29124,102,80.74,19.31,20.50,19.99,car,0,False
8013,29167,157,158.78,24.16,27.25,25.44,car,0,False
8028,29190,117,106.21,22.06,24.34,22.90,car,0,False
8037,29247,188,158.18,19.91,22.87,21.16,car,0,False
8041,29362,199,160.03,19.12,21.12,20.21,car,0,False
8049,29395,136,125.67,21.62,25.75,23.28,car,0,False
8084,29441,108,108.50,23.12,30.03,25.36,car,0,False
8116,29474,211,170.82,18.69,22.47,20.34,car,0,False
8126,29597,181,155.34,20.37,22.50,21.57,car,0,False
8128,29564,171,147.31,20.78,23.25,21.67,car,0,False
8155,29665,160,107.05,14.16,18.94,16.83,car,0,False
8166,29747,175,160.49,21.19,24.38,23.05,car,0,False
8167,29721,205,169.01,19.25,21.53,20.71,car,0,False
8187,29802,184,158.38,20.31,22.94,21.64,car,0,False
8200,29848,169,157.81,22.25,24.75,23.48,car,0,False
8209,29943,109,95.41,19.66,23.38,22.09,car,0,False
8216,29863,165,145.28,21.12,23.22,22.15,car,0,False
8293,30061,151,146.96,23.38,25.09,24.49,car,0,False
8317,30166,125,103.33,20.09,22.12,20.83,car,0,False
8320,30172,156,131.62,20.16,21.88,21.23,car,0,False
8323,30181,194,153.03,18.53,21.34,19.83,car,0,False
8332,30218,168,154.16,19.41,26.31,23.08,car,0,False
8341,30273,172,152.91,19.91,23.72,22.36,car,0,False
8360,30425,192,129.44,15.31,17.69,16.94,car,0,False
8381,30406,192,162.42,20.25,24.41,21.27,car,0,False
8400,30540,202,159.21,19.00,20.94,19.81,car,0,False
8402,30467,204,175.92,20.62,23.12,21.67,car,0,False
8410,30488,128,108.80,20.66,22.06,21.42,car,0,False
8415,30572,206,163.98,16.50,20.97,19.99,car,0,False
8428,30622,171,126.58,17.69,20.44,18.62,car,0,False
8453,30677,185,168.31,21.25,24.25,22.87,car,0,False
8483,30913,174,160.06,21.25,24.56,23.13,car,0,False
8528,30994,150,150.79,23.31,26.28,25.30,car,0,False
8550,31040,268,156.94,12.50,16.16,14.70,car,1,True
8561,31044,203,166.15,18.25,21.94,20.55,car,0,False
8571,31034,223,158.35,16.56,23.31,17.85,car,0,False
8581,31113,175,128.59,16.63,21.97,18.48,car,0,False
8617,31259,176,160.22,19.81,24.19,22.88,car,0,False
8660,31351,174,156.32,21.19,24.06,22.59,car,0,False
8673,31355,223,166.76,15.31,21.63,18.77,car,1,True
8683,31404,173,139.90,18.31,24.09,20.34,car,0,False
8702,31489,196,163.35,19.19,25.53,20.96,car,0,False
8730,31552,167,115.97,15.38,18.38,17.46,car,0,False
8740,31677,213,163.04,17.53,20.25,19.23,car,0,False
8750,31658,206,163.35,18.81,24.37,19.93,car,0,False
8755,31689,101,79.29,19.09,20.19,19.82,truck,0,False
8760,31723,200,163.09,19.75,22.00,20.49,car,0,False
8770,31811,220,166.36,13.03,21.09,18.98,car,0,False
8780,31874,183,161.51,20.62,23.31,22.18,car,0,False
8783,31925,193,157.86,18.94,22.03,20.56,car,0,False
8813,31964,156,136.32,20.88,23.44,21.98,car,0,False
8847,32058,129,109.97,17.50,23.69,21.47,truck,0,False
8855,32081,216,164.36,16.75,21.00,19.11,car,0,False
8890,32187,181,154.65,17.94,23.69,21.47,car,1,False
8894,32180,157,117.89,17.75,19.94,18.89,car,0,False
8905,32310,201,158.65,17.78,20.88,19.83,car,0,False
8944,32280,122,104.96,20.87,22.44,21.69,car,0,False
9006,32437,198,165.80,20.06,23.06,21.05,car,0,False
9030,32514,127,91.63,17.56,18.69,18.18,bus,0,False
9044,32575,185,156.48,19.50,23.19,21.27,car,0,False
9053,32583,125,108.23,20.19,22.84,21.82,car,0,False
9080,32724,140,109.04,17.84,21.59,19.60,bus,0,False
9085,32775,191,130.28,15.06,18.88,17.14,car,0,False
9088,32777,220,153.97,15.00,20.16,17.57,car,2,False
9089,32784,106,83.59,19.06,20.72,19.90,car,0,False
9103,32856,371,154.47,8.94,11.94,10.44,car,1,True
9118,32924,187,118.33,14.63,17.28,15.91,car,0,False
9123,32890,179,117.37,15.00,17.13,16.48,car,0,False
9141,32990,217,132.59,12.69,18.31,15.35,car,0,False
9153,33002,213,125.50,10.00,20.91,14.80,car,0,False
9155,32947,213,132.08,12.78,22.00,15.59,car,0,False
9158,32975,195,104.12,11.38,19.44,13.43,car,0,False
9170,32992,146,79.75,10.88,20.69,13.76,car,1,False
9196,33037,155,90.70,11.28,18.97,14.72,car,0,False
9207,33051,228,130.99,8.94,19.84,14.42,car,0,False
9217,33059,188,105.35,12.50,15.13,14.08,car,0,False
9238,33097,266,204.55,17.81,25.41,19.31,car,0,False
9254,33179,204,151.01,16.28,21.19,18.59,car,2,False
9266,33248,182,134.26,16.75,19.63,18.54,car,0,False
9274,33287,206,173.06,19.28,24.00,21.11,car,0,False
9309,33521,264,144.42,11.62,15.31,13.73,car,1,True
9325,33498,230,163.96,16.56,19.19,17.90,car,0,False
9363,33586,143,134.11,22.50,24.56,23.61,car,0,False
9369,33633,176,157.82,20.28,23.84,22.55,car,0,False
9380,33642,202,175.12,20.25,23.06,21.78,car,1,False
9407,33782,158,157.85,22.19,26.06,25.13,car,0,False
9432,33815,209,186.77,18.69,24.56,22.45,car,0,False
9454,34003,152,119.50,18.78,20.50,19.78,car,0,False
9460,33989,190,124.98,14.12,18.06,16.53,car,1,True
9461,34022,218,150.48,16.25,18.69,17.34,truck,0,False
9470,34009,172,154.12,19.31,24.81,22.52,car,0,False
9504,34204,179,159.12,20.56,23.69,22.35,car,0,False
9514,34235,197,179.13,19.25,25.06,22.84,car,0,False
9540,34298,207,190.77,20.75,25.72,23.16,car,0,False
9542,34531,210,136.73,12.81,20.28,16.36,car,0,False
9556,34458,125,115.14,20.62,24.56,23.20,car,0,False
9570,34579,163,136.88,19.81,22.53,21.12,bus,0,False
9574,34639,149,129.88,20.75,26.25,21.96,car,0,False
9587,34675,147,125.84,20.28,24.22,21.56,car,0,False
9595,34706,140,119.06,20.06,22.25,21.41,car,0,False
9597,34741,185,123.58,15.38,17.56,16.79,car,0,False
9598,34841,138,102.84,17.62,20.56,18.77,car,0,False
9614,34771,198,144.04,16.94,20.72,18.28,car,0,False
9627,34924,227,162.79,16.25,20.06,18.01,car,0,False
9680,34943,117,85.99,17.91,18.94,18.53,car,0,False
9686,34964,247,171.31,10.72,21.25,17.40,car,1,True
9693,34978,123,88.41,17.19,19.19,18.11,car,0,False
9704,35007,198,145.10,17.12,19.63,18.41,car,0,False
9708,35037,276,159.71,11.75,15.34,14.51,car,0,False
9716,35032,117,85.72,17.62,19.13,18.48,car,0,False
9721,35077,159,124.99,18.37,22.44,19.78,car,0,False
9727,35124,141,112.74,18.03,21.81,20.13,car,0,False
9742,35164,112,95.72,20.81,22.06,21.56,car,1,False
9747,35178,221,158.68,16.62,19.06,18.03,car,0,False
9748,35178,133,106.13,19.00,21.34,20.10,car,0,False
9753,35206,150,110.84,17.75,19.53,18.60,car,0,False
9754,35262,188,134.30,16.16,20.56,17.96,car,0,False
9764,35268,173,118.20,16.19,18.59,17.19,car,0,False
9769,35278,212,147.35,12.81,18.81,17.44,car,0,False
9776,35302,186,130.76,15.31,19.66,17.66,bus,0,False
9793,35414,174,159.87,19.12,29.16,23.11,car,0,False
9798,35451,200,146.44,17.69,19.41,18.40,car,0,False
9832,35512,170,131.26,18.19,21.22,19.42,car,0,False
9884,35605,218,174.18,18.62,24.47,20.07,car,0,False
9895,35648,213,180.58,19.31,24.44,21.30,car,0,False
9924,35716,168,127.23,16.94,20.12,19.04,truck,0,False
9966,35819,185,143.83,16.81,21.19,19.54,car,0,False
9981,35882,173,122.53,16.81,18.97,17.81,truck,0,False
10005,35882,157,123.71,18.62,22.66,19.84,car,0,False
10037,35960,198,153.03,16.00,21.19,19.40,car,0,False
10044,35985,210,135.41,15.19,17.12,16.20,car,0,False
10103,36169,275,171.93,13.94,17.25,15.69,car,1,True
10110,36238,175,181.10,22.75,28.37,26.02,car,1,False
10138,36357,204,164.63,18.56,21.31,20.27,car,0,False
10182,36559,241,164.86,15.94,19.34,17.17,car,0,False
10191,36529,206,127.28,13.25,16.88,15.52,car,3,True
10206,36656,182,116.54,13.81,17.62,16.09,car,1,True
10234,36742,209,183.75,18.78,24.22,22.07,car,0,False
10246,36683,253,207.16,17.50,22.00,20.55,car,0,False
10279,36833,186,163.62,21.00,23.19,22.11,car,0,False
10300,36931,195,160.33,19.37,23.19,20.67,car,0,False
10315,37033,178,159.68,21.25,23.44,22.55,car,0,False
10358,37071,142,116.01,19.16,21.75,20.57,bus,0,False
10379,37189,154,126.36,19.38,21.81,20.65,truck,0,False
10399,37253,155,157.44,24.19,26.31,25.56,car,0,False
10413,37290,157,125.67,18.72,21.38,20.14,car,0,False
10446,37327,200,171.81,20.31,22.22,21.58,car,0,False
10474,37383,104,121.17,28.25,32.66,29.43,car,0,False
10498,37482,150,146.70,23.50,25.84,24.62,car,0,False
10522,37527,216,207.24,22.44,25.44,24.10,car,0,False
10526,37591,193,192.76,24.06,26.81,25.10,car,0,False
10545,37674,150,149.29,23.25,26.00,25.05,car,0,False
10549,37726,195,131.20,16.16,17.88,16.91,car,0,False
10554,37753,171,124.55,16.16,19.78,18.31,bus,0,False
10560,37947,217,163.15,15.62,20.50,18.87,car,0,False
10561,37889,253,179.22,14.19,19.44,17.77,car,0,False
10601,37969,229,152.13,11.88,18.12,16.67,car,0,False
10616,38035,184,138.37,15.12,20.38,18.89,car,0,False
10627,38028,226,169.43,17.28,20.50,18.83,car,0,False
10664,38233,170,149.21,20.19,23.31,22.08,car,0,False
10684,38258,303,176.54,5.63,18.63,14.61,car,1,True
10686,38272,457,166.28,6.63,10.50,9.12,car,1,True
10719,38436,166,155.30,22.37,24.63,23.53,car,0,False
10731,38593,234,186.44,16.25,22.03,20.00,car,0,False
10733,38458,196,185.56,21.66,26.13,23.79,car,0,False
10744,38632,283,160.07,12.75,15.31,14.19,car,1,True
10751,38745,227,191.11,19.00,22.47,21.14,car,0,False
10760,38700,161,131.09,19.41,21.59,20.48,car,0,False
10781,38909,235,163.65,15.38,18.44,17.48,car,0,False
10789,38895,185,155.25,20.12,23.03,21.10,car,0,False
10796,38945,195,155.72,19.00,23.25,20.08,car,0,False
10797,38990,224,170.72,17.13,20.69,19.14,car,0,False
10803,39069,290,138.87,10.69,14.00,12.01,car,0,False
10809,39064,194,154.20,18.81,20.88,19.97,car,0,False
10821,39078,320,151.81,9.53,13.34,11.89,car,1,True
10825,39139,149,120.34,19.06,22.69,20.33,car,0,False
10832,39157,288,174.32,10.97,17.38,15.17,car,0,False
10840,39237,137,99.75,15.94,19.50,18.33,car,0,False
10844,39251,162,127.60,16.94,22.13,19.81,bus,0,False
10848,39291,184,120.91,14.09,19.50,16.51,car,0,False
10858,39341,139,113.48,19.56,21.78,20.56,car,0,False
10866,39353,182,139.22,18.06,20.00,19.23,car,0,False
10877,39372,134,85.45,11.06,18.81,16.05,car,0,False
10885,39405,176,141.79,18.91,22.19,20.26,car,0,False
10889,39457,303,163.42,11.31,14.97,13.53,car,1,True
10892,39453,202,157.23,19.00,20.72,19.56,car,0,False
10920,39509,200,151.48,17.38,21.00,19.04,car,0,False
10948,39690,188,126.27,15.69,19.69,16.88,car,0,False
10965,39599,198,137.13,15.87,18.25,17.40,car,0,False
10981,39685,211,161.88,18.06,21.19,19.27,car,0,False
10990,39767,201,147.21,16.87,19.81,18.40,car,0,False
11025,40126,135,117.50,20.56,23.25,21.92,truck,0,False
11036,40286,183,155.45,20.00,22.56,21.36,car,0,False
11091,40464,142,105.45,17.72,20.19,18.70,car,0,False
11133,40572,193,178.27,19.94,26.00,23.21,car,0,False
11145,40679,199,151.26,17.38,20.41,19.10,car,0,False
11156,40641,164,145.74,21.37,23.38,22.36,car,0,False
11157,40644,127,107.88,20.88,22.00,21.41,car,0,False
11168,40713,180,147.24,18.63,21.88,20.56,car,0,False
11175,40978,147,116.76,18.69,21.88,20.00,car,0,False
11185,40792,213,178.00,16.31,22.69,20.99,car,0,False
11189,40784,122,104.78,19.78,26.97,21.67,car,0,False
11207,40937,186,156.24,19.66,22.37,21.12,car,0,False
11212,41024,199,151.95,18.06,20.22,19.19,car,0,False
11218,40970,182,138.74,16.81,20.88,19.16,car,0,False
11229,41013,306,169.86,6.00,18.13,13.91,car,1,True
11233,41018,205,174.33,19.75,25.06,21.37,car,0,False
11236,41107,156,121.16,18.56,20.41,19.54,car,0,False
11240,41092,262,169.08,14.25,17.84,16.19,car,0,False
11241,41130,173,133.26,18.06,20.44,19.37,car,0,False
11247,41167,206,172.13,19.69,24.75,21.00,car,0,False
11254,41196,238,204.02,19.13,23.84,21.53,car,0,False
11291,41452,100,78.48,18.88,20.25,19.81,car,0,False
11447,42345,219,162.43,17.38,19.50,18.62,car,0,False
11452,42395,214,171.06,17.94,23.66,20.08,car,0,False
11460,42467,171,144.73,19.31,23.34,21.28,car,0,False
11461,42517,180,145.94,19.12,21.44,20.38,car,0,False
11466,42572,132,111.76,20.38,22.38,21.33,car,0,False
11486,42591,116,96.12,18.88,22.06,20.89,bus,0,False
11495,42622,194,166.35,20.44,23.25,21.55,car,0,False
11506,42650,165,151.41,21.56,26.78,23.09,car,0,False
11514,42734,199,156.76,17.87,21.38,19.79,car,0,False
11533,42756,162,146.48,20.87,23.75,22.74,car,0,False
11550,42853,198,156.95,18.50,20.97,19.92,car,0,False
11554,42812,172,138.78,16.34,27.22,20.30,car,0,False
11570,42951,192,152.83,18.06,21.62,20.00,car,0,False
11574,42938,329,179.74,11.00,15.59,13.69,car,1,True
11577,43031,174,132.17,18.12,19.84,19.10,car,0,False
11588,43159,183,136.90,12.50,26.88,18.81,car,0,False
11602,43047,256,176.61,15.78,22.31,17.33,car,0,False
11610,43142,169,115.59,15.97,19.97,17.21,car,0,False
11613,43142,197,142.00,16.62,21.25,18.12,car,0,False
11627,43186,211,156.81,15.37,19.44,18.66,car,0,False
11631,43221,170,127.08,16.94,21.53,18.80,car,0,False
11635,43355,130,105.53,18.94,21.44,20.45,car,0,False
11637,43254,196,140.96,16.53,19.72,18.06,car,0,False
11643,43264,161,116.65,16.75,19.31,18.22,car,0,False
11686,43359,207,168.30,19.50,21.72,20.43,car,0,False
11692,43535,152,128.47,19.56,22.88,21.26,car,0,False
11704,43513,234,162.30,14.75,18.44,17.41,car,0,False
11731,43558,202,171.27,20.03,22.97,21.30,car,0,False
11739,43554,110,94.03,20.31,22.81,21.56,car,0,False
11761,43614,170,118.88,16.19,19.28,17.58,car,0,False
11776,43666,113,93.69,20.19,21.97,20.91,car,0,False
11777,43694,148,127.07,21.06,22.28,21.61,car,0,False
11794,43748,299,150.74,9.97,13.75,12.64,car,3,True
11806,43788,114,97.70,20.78,22.12,21.62,car,0,False
11817,43900,208,124.10,11.75,18.19,14.99,truck,1,False
11831,43899,208,171.04,19.00,22.53,20.66,car,0,False
11846,43978,195,157.03,18.87,21.31,20.23,car,0,False
11854,43970,189,143.71,15.87,21.00,19.11,car,0,False
11885,44131,277,178.61,13.19,19.00,16.17,car,1,True
11922,44380,139,123.94,21.16,23.72,22.45,truck,0,False
11925,44441,136,118.84,20.44,22.81,22.01,car,0,False
11927,44445,222,182.11,15.09,22.88,20.59,car,0,False
11933,44519,108,95.17,20.31,23.94,22.24,bus,0,False
11946,44513,207,176.00,19.75,22.94,21.35,car,0,False
11967,44623,183,155.61,20.63,21.88,21.38,car,0,False
11973,44670,216,158.72,16.62,20.09,18.46,car,0,False
11982,44659,191,176.16,21.94,26.19,23.19,car,0,False
11993,44767,148,127.25,19.12,22.66,21.64,car,0,False
11996,44749,130,116.33,21.62,23.75,22.54,car,0,False
11998,44783,214,190.30,20.94,25.38,22.35,car,0,False
